{"mean": 0.66482, "min": 0.639, "max": 0.703, "std": 0.014202380082225654, "num_tests": 50, "dataset": "citeseer", "gat_type": "GATv2Conv"}{"mean": 0.6661700000000002, "min": 0.639, "max": 0.703, "std": 0.013685068505491668, "num_tests": 50, "dataset": "citeseer", "gat_type": "GATConv"}{"mean": 0.6682866666666667, "min": 0.636, "max": 0.703, "std": 0.013665692648217851, "num_tests": 50, "dataset": "citeseer", "gat_type": "GAT"}