{"mean": 0.7852800000000001, "min": 0.76, "max": 0.807, "std": 0.010430800544541161, "num_tests": 50, "dataset": "cora", "gat_type": "GATv2Conv"}{"mean": 0.7886700000000002, "min": 0.76, "max": 0.814, "std": 0.011483078855428978, "num_tests": 50, "dataset": "cora", "gat_type": "GATConv"}{"mean": 0.7898666666666666, "min": 0.76, "max": 0.814, "std": 0.011290507320557199, "num_tests": 50, "dataset": "cora", "gat_type": "GAT"}