{"mean": 0.7859, "min": 0.758, "max": 0.808, "std": 0.014087228258248688, "num_tests": 50, "dataset": "cora", "gat_type": "GATv2Conv"}{"mean": 0.78927, "min": 0.758, "max": 0.808, "std": 0.012500283996773845, "num_tests": 50, "dataset": "cora", "gat_type": "GATConv"}{"mean": 0.7892333333333333, "min": 0.758, "max": 0.808, "std": 0.011349840919100546, "num_tests": 50, "dataset": "cora", "gat_type": "GAT"}