{"mean": 0.763, "min": 0.763, "max": 0.763, "std": 0.0, "num_tests": 1, "dataset": "cora", "gat_type": "GATv2Conv"}{"mean": 0.7855000000000001, "min": 0.763, "max": 0.808, "std": 0.02250000000000002, "num_tests": 1, "dataset": "cora", "gat_type": "GATConv"}{"mean": 0.7886666666666667, "min": 0.763, "max": 0.808, "std": 0.01890913947157713, "num_tests": 1, "dataset": "cora", "gat_type": "GAT"}