{"mean": 0.648, "min": 0.648, "max": 0.648, "std": 0.0, "num_tests": 1, "dataset": "citeseer", "gat_type": "GATv2Conv"}{"mean": 0.6585000000000001, "min": 0.648, "max": 0.669, "std": 0.01050000000000001, "num_tests": 1, "dataset": "citeseer", "gat_type": "GATConv"}{"mean": 0.6623333333333333, "min": 0.648, "max": 0.67, "std": 0.010143416036468636, "num_tests": 1, "dataset": "citeseer", "gat_type": "GAT"}{"mean": 0.673, "min": 0.673, "max": 0.673, "std": 0.0, "num_tests": 1, "dataset": "citeseer", "gat_type": "GATv2Conv"}{"mean": 0.6735, "min": 0.673, "max": 0.674, "std": 0.0005000000000000004, "num_tests": 1, "dataset": "citeseer", "gat_type": "GATConv"}{"mean": 0.6736666666666666, "min": 0.673, "max": 0.674, "std": 0.00047140452079103207, "num_tests": 1, "dataset": "citeseer", "gat_type": "GAT"}