{"mean": 0.6565000000000001, "min": 0.638, "max": 0.675, "std": 0.018500000000000016, "num_tests": 2, "dataset": "citeseer", "gat_type": "GATv2Conv"}
{"mean": 0.66325, "min": 0.638, "max": 0.689, "std": 0.019929563467371767, "num_tests": 2, "dataset": "citeseer", "gat_type": "GATConv"}
{"mean": 0.6643333333333333, "min": 0.638, "max": 0.689, "std": 0.0165495887830752, "num_tests": 2, "dataset": "citeseer", "gat_type": "GAT"}