{"mean": 0.7754000000000001, "min": 0.735, "max": 0.791, "std": 0.012114454176726257, "num_tests": 50, "dataset": "pubmed", "gat_type": "GATv2Conv"}{"mean": 0.7718200000000001, "min": 0.727, "max": 0.791, "std": 0.011725510649860852, "num_tests": 50, "dataset": "pubmed", "gat_type": "GATConv"}{"mean": 0.77494, "min": 0.727, "max": 0.793, "std": 0.011097885684519682, "num_tests": 50, "dataset": "pubmed", "gat_type": "GAT"}{"mean": 0.7806400000000001, "min": 0.767, "max": 0.79, "std": 0.004865223530322121, "num_tests": 50, "dataset": "pubmed", "gat_type": "GATv2Conv"}