{"mean": 0.66482, "min": 0.639, "max": 0.703, "std": 0.014202380082225654, "num_tests": 50, "dataset": "citeseer", "gat_type": "GATv2Conv"}{"mean": 0.6661700000000002, "min": 0.639, "max": 0.703, "std": 0.013685068505491668, "num_tests": 50, "dataset": "citeseer", "gat_type": "GATConv"}{"mean": 0.6682866666666667, "min": 0.636, "max": 0.703, "std": 0.013665692648217851, "num_tests": 50, "dataset": "citeseer", "gat_type": "GAT"}{"mean": 0.66242, "min": 0.622, "max": 0.693, "std": 0.0164949568050359, "num_tests": 50, "dataset": "citeseer", "gat_type": "GATv2Conv"}{"mean": 0.6652600000000001, "min": 0.622, "max": 0.694, "std": 0.015267363885098173, "num_tests": 50, "dataset": "citeseer", "gat_type": "GATConv"}{"mean": 0.6674466666666666, "min": 0.622, "max": 0.698, "std": 0.015001571769503202, "num_tests": 50, "dataset": "citeseer", "gat_type": "GAT"}