dataset,cora,cora,cora
mean,0.7860000000000001,0.788,0.7884
num_tests,10,2,5
gat_type,GATv2Conv,GATv2Conv,GATv2Conv
max,0.813,0.789,0.801
median,0.787,0.788,0.785
min,0.756,0.787,0.779
q25,0.7835,0.7875000000000001,0.78
q75,0.7922,0.7885,0.797
std,0.014553350129781107,0.0010000000000000009,0.008979977728257468
time,7.860000000000001,1.576,3.942
