mean,min,q25,median,q75,max,std,num_tests,dataset,gat_type,time
0.788,0.787,0.7875000000000001,0.788,0.7885,0.789,0.0010000000000000009,2,cora,GATv2Conv,1.576
0.7860000000000001,0.756,0.7835,0.787,0.7922,0.813,0.014553350129781107,10,cora,GATv2Conv,7.860000000000001
0.7884,0.779,0.78,0.785,0.797,0.801,0.008979977728257468,5,cora,GATv2Conv,3.942
