{"mean": 0.788, "min": 0.787, "q25": 0.7875000000000001, "median": 0.788, "q75": 0.7885, "max": 0.789, "std": 0.0010000000000000009, "num_tests": 2, "dataset": "cora", "gat_type": "GATv2Conv"}