{"mean": 0.7860000000000001, "min": 0.756, "q25": 0.7835, "median": 0.787, "q75": 0.7922, "max": 0.813, "std": 0.014553350129781107, "num_tests": 10, "dataset": "cora", "gat_type": "GATv2Conv"}